주차장 히트맵,경도,위도
0,126.867057,37.528857
0,126.865505,37.545949
0.83292,126.864344,37.541779
0,126.865033,37.545207
0.80823,126.865488,37.549183
0.81444,126.864552,37.5386
0,126.864716,37.533518
0,126.868666,37.535258
0,126.868362,37.536991
0,126.885538,37.535159
0,126.875239,37.537803
0,126.872954,37.535077
0.6046,126.878647,37.533422
0,126.882792,37.534454
0,126.870112,37.531899
0,126.879436,37.539972
0.31699,126.837899,37.528759
0.79122,126.835777,37.532034
0.7831,126.835516,37.529197
0.46554,126.832782,37.534811
0.37105,126.838188,37.527035
0,126.848438,37.526455
0.0722,126.845105,37.526273
0.09434,126.842793,37.52424
0.00607,126.828852,37.532109
0.41332,126.826088,37.534781
0,126.842062,37.520006
0,126.840845,37.524419
0.00902,126.839964,37.518623
0,126.842752,37.521225
0.35185,126.838609,37.524402
0,126.828569,37.541479
0.79944,126.828358,37.538693
0,126.833885,37.539429
0.05745,126.831558,37.53822
0,126.838449,37.515553
0,126.836291,37.515557
0,126.837347,37.518107
0.57611,126.833341,37.523108
1.34864,126.862761,37.517726
0,126.86468,37.520132
0,126.858437,37.517693
0.81565,126.854312,37.519825
0.49339,126.854492,37.519266
0.5447,126.861996,37.521708
0,126.875912,37.521716
0.01291,126.874747,37.520501
0,126.848515,37.52177
0,126.839205,37.511144
0,126.830002,37.514682
0,126.854326,37.514055
0,126.837592,37.512554
0,126.837884,37.511281
0,126.83173,37.512645
0,126.84361,37.509022
0.79358,126.856515,37.527975
0,126.857773,37.524125
0,126.856207,37.524624
0.15252,126.858394,37.526441
1.08881,126.861956,37.527327
0.09448,126.855005,37.522057
0,126.851241,37.52741
0.58554,126.855049,37.526554
0.81833,126.862293,37.528578
0,126.872445,37.51367
0,126.86832,37.515011
0.00007,126.869759,37.51636
0.40291,126.867486,37.521958
0,126.866086,37.513486
0,126.873442,37.515706
0,126.858392,37.511472
0,126.864108,37.506788
0,126.861548,37.512595
0.65233,126.873279,37.528005
0,126.868468,37.543498
0,126.879263,37.546521
0,126.878788,37.543358
0,126.885602,37.538174
0.75726,126.833211,37.524905
0.9966,126.83485,37.519757
0.26741,126.834492,37.518137
0,126.831005,37.5222
0.0627,126.836556,37.521151
0.93599,126.832525,37.519799
0,126.856483,37.514612
0.00186,126.850051,37.514104
0,126.840467,37.513034
0,126.833542,37.512717
1.10662,126.868162,37.518012
0,126.869014,37.50836
0.24907,126.848293,37.517649
0.05757,126.843217,37.517261
0,126.844484,37.516725
0,126.843973,37.515737
0,126.833035,37.506192
0.85773,126.869612,37.510721
1.64462,126.877154,37.535016
0,126.847043,37.522468
0,126.836199,37.514628
0,126.879048,37.522877
0.28502,126.830473,37.528443
0,126.826174,37.512982
